{
  "formatVersion": 1,
  "database": {
    "version": 1,
    "identityHash": "c45267ed2f2f5081c1fb83bd2da7c60b",
    "entities": [
      {
        "tableName": "Student",
        "createSql": "CREATE TABLE IF NOT EXISTS `${TABLE_NAME}` (`studentId` TEXT NOT NULL, `studentName` TEXT NOT NULL, `studentPassword` TEXT NOT NULL, `studentEmail` TEXT NOT NULL, `studentDate` TEXT NOT NULL, `studentAct` INTEGER NOT NULL, `studentEx` INTEGER NOT NULL, `attendanceRate` REAL NOT NULL, PRIMARY KEY(`studentId`))",
        "fields": [
          {
            "fieldPath": "studentId",
            "columnName": "studentId",
            "affinity": "TEXT",
            "notNull": true
          },
          {
            "fieldPath": "name",
            "columnName": "studentName",
            "affinity": "TEXT",
            "notNull": true
          },
          {
            "fieldPath": "password",
            "columnName": "studentPassword",
            "affinity": "TEXT",
            "notNull": true
          },
          {
            "fieldPath": "email",
            "columnName": "studentEmail",
            "affinity": "TEXT",
            "notNull": true
          },
          {
            "fieldPath": "birthday",
            "columnName": "studentDate",
            "affinity": "TEXT",
            "notNull": true
          },
          {
            "fieldPath": "actualAttendanceCount",
            "columnName": "studentAct",
            "affinity": "INTEGER",
            "notNull": true
          },
          {
            "fieldPath": "expectedAttendanceCount",
            "columnName": "studentEx",
            "affinity": "INTEGER",
            "notNull": true
          },
          {
            "fieldPath": "attendanceRate",
            "columnName": "attendanceRate",
            "affinity": "REAL",
            "notNull": true
          }
        ],
        "primaryKey": {
          "autoGenerate": false,
          "columnNames": [
            "studentId"
          ]
        },
        "indices": [],
        "foreignKeys": []
      }
    ],
    "views": [],
    "setupQueries": [
      "CREATE TABLE IF NOT EXISTS room_master_table (id INTEGER PRIMARY KEY,identity_hash TEXT)",
      "INSERT OR REPLACE INTO room_master_table (id,identity_hash) VALUES(42, 'c45267ed2f2f5081c1fb83bd2da7c60b')"
    ]
  }
}